Title	Atlas	Authors	Journal	Publication Date	DOI	PubMed	Cited by	Cases	Biospecimens	Assays	UCSC Cell Browser	Content Type
A longitudinal single-cell and spatial multiomic atlas of pediatric high-grade glioma	Center for Pediatric Tumor Cell Atlas	Sussman JH, Oldridge DA, Yu W, Chen CH, et al.	Cell Reports Medicine	2026 Apr	10.1016/j.xcrm.2026.102766	42030938	1	9	26	1	https://cells.ucsc.edu/?ds=htan-chop+sussman	Published manuscript
Transcriptomic Plasticity Is a Hallmark of Metastatic Pancreatic Cancer	Transition to Metastatic State: Lung Cancer, Pancreatic Cancer and Brain Metastasis	Jiménez-Sánchez A, Persad S, Hayashi A, Umeda S, et al.	Cancer Research	2026 Apr	10.1158/0008-5472.CAN-25-1117	41379552	0	2	54	1		Published manuscript
Single-Cell Expression Analysis of Ductal Carcinoma In Situ Identifies Complex Genotypic-Phenotypic Relationships Altering Epithelial Composition	Breast Pre-Cancer Atlas	Qin X, Strand SH, Lee MR, Saraswathibhatla A, et al.	Cancer Research	2025 Jun	10.1158/0008-5472.CAN-24-3023	40101158	4	16	30	1		Published manuscript
Longitudinal single-cell multiomic atlas of high-risk neuroblastoma reveals chemotherapy-induced tumor microenvironment rewiring	Center for Pediatric Tumor Cell Atlas	Yu W, Biyik-Sit R, Uzun Y, Chen CH, et al.	Nature Genetics	2025 May	10.1038/s41588-025-02158-6	40229600	12	23	91	1		Published manuscript
Progressive plasticity during colorectal cancer metastasis	Transition to Metastatic State: Lung Cancer, Pancreatic Cancer and Brain Metastasis	Moorman A, Benitez EK, Cambulli F, Jiang Q, et al.	Nature	2025 Jan	10.1038/s41586-024-08150-0	39478232	66	29	83	1		Published manuscript
Identification and Characterization of Chemotherapy-Resistant High-Risk Neuroblastoma Persister Cells	Center for Pediatric Tumor Cell Atlas	Grossmann LD, Chen CH, Uzun Y, Thadi A, et al.	Cancer Discovery	2024 Dec	10.1158/2159-8290.CD-24-0046	39083807	16	20	77	1		Published manuscript
Global loss of promoter-enhancer connectivity and rebalancing of gene expression during early colorectal cancer carcinogenesis	Multi-omic Characterization of Transformation of Familial Adenomatous Polyposis	Zhu Y, Lee H, White S, Weimer AK, et al.	Nature Cancer	2024 Nov	10.1038/s43018-024-00823-z	39478119	11	5	28	1		Published manuscript
Differential chromatin accessibility and transcriptional dynamics define breast cancer subtypes and their lineages	Washington University Human Tumor Atlas Research Center	Iglesia MD, Jayasinghe RG, Chen S, Terekhanova NV, et al.	Nature Cancer	2024 Nov	10.1038/s43018-024-00773-6	39478117	9	39	58	1		Published manuscript
A multi-modal single-cell and spatial expression map of metastatic breast cancer biopsies across clinicopathological features	Human Tumor Atlas Pilot Project (HTAPP)	Klughammer J, Abravanel DL, Segerstolpe Å, Blosser TR, et al.	Nature Medicine	2024 Nov	10.1038/s41591-024-03215-z	39478111	23	60	72	1		Published manuscript
Temporal recording of mammalian development and precancer	Colon Molecular Atlas Project	Islam M, Yang Y, Simmons AJ, Shah VM, et al.	Nature	2024 Oct	10.1038/s41586-024-07954-4	39478207	15	116	220	1		Published manuscript
Tumour evolution and microenvironment interactions in 2D and 3D space	Washington University Human Tumor Atlas Research Center	Mo CK, Liu J, Chen S, Storrs E, et al.	Nature	2024 Oct	10.1038/s41586-024-08087-4	39478210	63	39	25	1		Published manuscript
A cellular and spatial atlas of TP53 -associated tissue remodeling in lung adenocarcinoma	Human Tumor Atlas Pilot Project (HTAPP)	Zhao W, Kepecs B, Mahadevan NR, Segerstolpe A, et al.	Biorxiv : The Preprint Server For Biology	2024 Feb	10.1101/2023.06.28.546977	37425718	0	20	30	1		Preprint
Molecular cartography uncovers evolutionary and microenvironmental dynamics in sporadic colorectal tumors	Colon Molecular Atlas Project	Heiser CN, Simmons AJ, Revetta F, McKinley ET, et al.	Cell	2023 Dec	10.1016/j.cell.2023.11.006	38065082	53	116	218	1		Published manuscript
Epigenetic regulation during cancer transitions across 11 tumour types	Washington University Human Tumor Atlas Research Center	Terekhanova NV, Karpova A, Liang WW, Strzalkowski A, et al.	Nature	2023 Nov	10.1038/s41586-023-06682-5	37914932	109	145	165	1		Published manuscript
Single-Cell Characterization of Pulmonary Nodules Implicates Suppression of Immunosurveillance across Early Stages of Lung Adenocarcinoma	The Lung Pre-Cancer Atlas	Yanagawa J, Tran LM, Salehi-Rad R, Lim RJ, et al.	Cancer Research	2023 Oct	10.1158/0008-5472.CAN-23-0128	37477508	13	6	15	1		Published manuscript
Conserved transcriptional connectivity of regulatory T cells in the tumor microenvironment informs new combination cancer therapy strategies	Transition to Metastatic State: Lung Cancer, Pancreatic Cancer and Brain Metastasis	Glasner A, Rose SA, Sharma R, Gudjonson H, et al.	Nature Immunology	2023 Jun	10.1038/s41590-023-01504-2	37127830	35	60	68	1	https://cells.ucsc.edu/?ds=htan-msk	Published manuscript
Epigenetic and transcriptomic characterization reveals progression markers and essential pathways in clear cell renal cell carcinoma	Washington University Human Tumor Atlas Research Center	Wu Y, Terekhanova NV, Caravan W, Naser Al Deen N, et al.	Nature Communications	2023 Mar	10.1038/s41467-023-37211-7	36973268	33	3	1	1		Published manuscript
Spatially restricted drivers and transitional cell populations cooperate with the microenvironment in untreated and chemo-resistant pancreatic cancer	Washington University Human Tumor Atlas Research Center	Cui Zhou D, Jayasinghe RG, Chen S, Herndon JM, et al.	Nature Genetics	2022 Sep	10.1038/s41588-022-01157-1	35995947	134	26	62	1		Published manuscript
Single-cell analyses define a continuum of cell state and composition changes in the malignant transformation of polyps to colorectal cancer	Multi-omic Characterization of Transformation of Familial Adenomatous Polyposis	Becker WR, Nevins SA, Chen DC, Chiu R, et al.	Nature Genetics	2022 Jul	10.1038/s41588-022-01088-x	35726067	164	12	62	1		Published manuscript
Single-cell multiomics reveals increased plasticity, resistant populations, and stem-cell-like blasts in KMT2A-rearranged leukemia	Center for Pediatric Tumor Cell Atlas	Chen C, Yu W, Alikarami F, Qiu Q, et al.	Blood	2022 Apr	10.1182/blood.2021013442	34864916	59	30	34	1		Published manuscript
Differential pre-malignant programs and microenvironment chart distinct paths to malignancy in human colorectal polyps	Colon Molecular Atlas Project	Chen B, Scurrah CR, McKinley ET, Simmons AJ, et al.	Cell	2021 Dec	10.1016/j.cell.2021.11.031	34910928	187	105	204	1	https://cells.ucsc.edu/?ds=htan-vumc+chen	Published manuscript
Signatures of plasticity, metastasis, and immunosuppression in an atlas of human small cell lung cancer	Transition to Metastatic State: Lung Cancer, Pancreatic Cancer and Brain Metastasis	Chan JM, Quintanal-Villalonga Á, Gao VR, Xie Y, et al.	Cancer Cell	2021 Nov	10.1016/j.ccell.2021.09.008	34653364	262	50	57	1		Published manuscript
Spatially organized multicellular immune hubs in human colorectal cancer	Human Tumor Atlas Pilot Project (HTAPP)	Pelka K, Hofree M, Chen JH, Sarkizova S, et al.	Cell	2021 Sep	10.1016/j.cell.2021.08.003	34450029	439	20	22	1		Published manuscript
Regulatory macrophages contribute to tumor cell plasticity in colorectal cancer metastases	Colon Molecular Atlas Project	Cottam MA, Mirza MB, Arner EN, Siddiqui MT, et al.	TBD	0			0	14	25	1		Prepublication site for reviewers
A spatial cell atlas of neuroblastoma reveals developmental, epigenetic and spatial axis of tumor heterogeneity	Human Tumor Atlas Pilot Project (HTAPP)	Anand G Patel, Orr Ashenberg, Natalie B Collins, Åsa Segerstolpe, et al.	Biorxiv	0			0	55	68	1		Preprint